,book,file
0,Selections from the Writings of ‘Abdu’l‑Bahá,database/selections_from_the_writings_of_abdulbaha.csv
1,‘Abdu’l‑Bahá’s Tablets to The Hague,database/tablets_to_the_hague.csv
2,‘Abdu’l‑Bahá’s Tablets to The Hague | Tablet 1,database/tablets_to_the_hague.csv
3,‘Abdu’l‑Bahá’s Tablets to The Hague | Tablet 2,database/tablets_to_the_hague.csv
4,epistle-to-the-son-of-the-wolf,database/epistle-to-the-son-of-the-wolf.csv
5,The Secret of Divine Civilization,database/secret_of_divine_civilization.csv
6,kitab-i-iqan-part1,database/kitab-i-iqan-part1.csv
7,Gems of Divine Mysteries,database/gems-of-divine-mysteries.csv
8,The Advent of Divine Justice,database/the_advent_of_divine_justice.csv
9,kitab-i-iqan-part2,database/kitab-i-iqan-part2.csv
10,Seven Valleys,database/seven_valleys.csv
11,Some Answered Questions,database/some_answered_questions.csv
12,Promulagation of World Peace,database/promulagation_of_world_peace.csv
13,The Promised Day is Come,database/the_promised_day_is_come.csv
14,Tablets of the Divine Plan,database/tablets_of_the_divine_plan.csv
15,Tablet to Dr. Auguste Forel,database/tablet_to_dr_auguste_forel.csv
16,hidden-words-persian,database/hidden-words-persian.csv
17,kitab-i-aqdas,database/kitab-i-aqdas.csv
18,Selections from the Writings of the Báb,database/selections_from_the_writings_of_the_bab.csv
19,Selections from the Writings of the Báb -  1 Tablets and Addresses A Tablet Addressed to “Him Who Will Be Made Manifest” ,database/selections_from_the_writings_of_the_bab.csv
20,Selections from the Writings of the Báb -  A Second Tablet Addressed to “Him Who Will Be Made Manifest” ,database/selections_from_the_writings_of_the_bab.csv
21,Selections from the Writings of the Báb -  Extracts from Another Epistle to Muḥammad Sháh ,database/selections_from_the_writings_of_the_bab.csv
22,Selections from the Writings of the Báb -  Extracts from a Further Epistle to Muḥammad Sháh ,database/selections_from_the_writings_of_the_bab.csv
23,Selections from the Writings of the Báb -  2 Excerpts from the Qayyúmu’l-Asmá’ ,database/selections_from_the_writings_of_the_bab.csv
24,Selections from the Writings of the Báb -  3 Excerpts from the Persian Bayán ,database/selections_from_the_writings_of_the_bab.csv
25,Selections from the Writings of the Báb -  4 Excerpts from the Dalá’il-i-Sab‘ih (The Seven Proofs) ,database/selections_from_the_writings_of_the_bab.csv
26,Selections from the Writings of the Báb -  5 Excerpts from the Kitáb-i-Asmá’ (The Book of Names) ,database/selections_from_the_writings_of_the_bab.csv
27,"Selections from the Writings of the Báb -  6 Excerpts from Various Writings Say, God is the Lord and all are worshippers unto Him. ",database/selections_from_the_writings_of_the_bab.csv
28,"Selections from the Writings of the Báb -  7 Prayers and Meditations In the Name of God, the Lord of overpowering majesty, the All-Compelling. ",database/selections_from_the_writings_of_the_bab.csv
29,"Selections from the Writings of the Báb -  He is God, the Sovereign Ruler, the Ever-Living, He Whose help all men implore. ",database/selections_from_the_writings_of_the_bab.csv
30,Paris Talks,database/paris_talks.csv
31,Will and Testament of ‘Abdu’l‑Bahá,database/will_and_testament_of_abdulbaha.csv
32,Will and Testament of ‘Abdu’l‑Bahá | Part 1,database/will_and_testament_of_abdulbaha.csv
33,Will and Testament of ‘Abdu’l‑Bahá | Part 2,database/will_and_testament_of_abdulbaha.csv
34,Will and Testament of ‘Abdu’l‑Bahá | Part 3,database/will_and_testament_of_abdulbaha.csv
35,kitab-i-aqdas-notes,database/kitab-i-aqdas-notes.csv
36,kitab-i-aqdas-q-and-a,database/kitab-i-aqdas-q-and-a-combined.csv
37,hidden-words-arabic,database/hidden-words-arabic.csv
38,From the Letter Ba to the Letter Ha,database/from_the_letter_ba_to_the_letter_ha.csv
39,This Decisive Hour | Messages from Shoghi Effendi to the North American Bahá’ís 1932–1946,database/the_decisive_hour.csv
40,prayers and meditations by bahaullah,database/prayers_and_meditation_by_bahaullah.csv
41,tablets-of-bahaullah,database/tablets-of-bahaullah.csv
42,Lawḥ-i-Karmil,database/tablets-of-bahaullah.csv
43,Lawḥ-i-Aqdas,database/tablets-of-bahaullah.csv
44,Bishárát,database/tablets-of-bahaullah.csv
45,Ṭarázát,database/tablets-of-bahaullah.csv
46,Tajallíyát,database/tablets-of-bahaullah.csv
47,Kalimát-i-Firdawsíyyih,database/tablets-of-bahaullah.csv
48,Lawḥ-i-Dunyá,database/tablets-of-bahaullah.csv
49,Ishráqát,database/tablets-of-bahaullah.csv
50,Lawḥ-i-Ḥikmat,database/tablets-of-bahaullah.csv
51,Aṣl-i-Kullu’l-Khayr1,database/tablets-of-bahaullah.csv
52,Lawḥ-i-Maqṣúd,database/tablets-of-bahaullah.csv
53,Súriy-i-Vafá1,database/tablets-of-bahaullah.csv
54,Lawḥ-i-Síyyid-i-Mihdíy-i-Dahají,database/tablets-of-bahaullah.csv
55,Lawḥ-i-Burhán,database/tablets-of-bahaullah.csv
56,Kitáb-i-‘Ahd,database/tablets-of-bahaullah.csv
57,Lawḥ-i-Arḍ-i-Bá,database/tablets-of-bahaullah.csv
58,Excerpts from Other Tablets,database/tablets-of-bahaullah.csv
59,Light of the World - Selected Tablets of Abdul-baha,database/light_of_the_world.csv
60,Baha'i Administration,database/bahai_administration.csv
61,Baha'i Administration | Excerpts from the Will and Testament of ‘Abdu’l-Bahá,database/bahai_administration.csv
62,"Baha'i Administration | Letter of January 21st, 1922.",database/bahai_administration.csv
63,"Baha'i Administration | Letter of March 5, 1922.",database/bahai_administration.csv
64,"Baha'i Administration | Letter of Circa May, 1922 (undated).",database/bahai_administration.csv
65,"Baha'i Administration | Letter of December 16, 1922",database/bahai_administration.csv
66,"Baha'i Administration | Letter of December 23rd, 1922",database/bahai_administration.csv
67,"Baha'i Administration | Letter of January 12, 1923",database/bahai_administration.csv
68,"Baha'i Administration | Letter of January 16, 1923.",database/bahai_administration.csv
69,"Baha'i Administration | Letter of January 17th, 1923",database/bahai_administration.csv
70,"Baha'i Administration | Letter of February 13, 1923",database/bahai_administration.csv
71,"Baha'i Administration | Letter of March 12, 1923",database/bahai_administration.csv
72,"Baha'i Administration | Letter of April 8th, 1923.",database/bahai_administration.csv
73,"Baha'i Administration | Letter of April 9th, 1923.",database/bahai_administration.csv
74,"Baha'i Administration | Letter of April 27th, 1923.",database/bahai_administration.csv
75,"Baha'i Administration | Letter of May 6th, 1923",database/bahai_administration.csv
76,"Baha'i Administration | Letter of November 14, 1923.",database/bahai_administration.csv
77,"Baha'i Administration | Letter of November 26, 1923.",database/bahai_administration.csv
78,"Baha'i Administration | Letter of January 4th, 1924.",database/bahai_administration.csv
79,"Baha'i Administration | Letter of February 23, 1924.",database/bahai_administration.csv
80,"Baha'i Administration | Letter of September 24, 1924.",database/bahai_administration.csv
81,"Baha'i Administration | Letter of November 24th, 1924.",database/bahai_administration.csv
82,"Baha'i Administration | Letter of November 27, 1924.",database/bahai_administration.csv
83,"Baha'i Administration | Letter of January 16, 1925.",database/bahai_administration.csv
84,"Baha'i Administration | Letter of January 29th, 1925.",database/bahai_administration.csv
85,"Baha'i Administration | Letter of April 10th, 1925.",database/bahai_administration.csv
86,"Baha'i Administration | Letter of May 12, 1925.",database/bahai_administration.csv
87,"Baha'i Administration | Letter of June 3rd, 1925.",database/bahai_administration.csv
88,"Baha'i Administration | Letter of October 24th, 1925.",database/bahai_administration.csv
89,"Baha'i Administration | Letter of November 6, 1925.",database/bahai_administration.csv
90,"Baha'i Administration | Letter of November 30, 1925.",database/bahai_administration.csv
91,"Baha'i Administration | Letter of January 10, 1926.",database/bahai_administration.csv
92,"Baha'i Administration | Letter of April 22nd, 1926.",database/bahai_administration.csv
93,"Baha'i Administration | Letter of May 11th, 1926.",database/bahai_administration.csv
94,"Baha'i Administration | Letter of October 7th, 1926.",database/bahai_administration.csv
95,"Baha'i Administration | Letter of October 29, 1926.",database/bahai_administration.csv
96,"Baha'i Administration | Letter of October 31, 1926.",database/bahai_administration.csv
97,"Baha'i Administration | Letter of November 14, 1926.",database/bahai_administration.csv
98,"Baha'i Administration | Letter of February 12, 1927.",database/bahai_administration.csv
99,"Baha'i Administration | Letter of February 20, 1927.",database/bahai_administration.csv
100,"Baha'i Administration | Letter of April 12, 1927.",database/bahai_administration.csv
101,"Baha'i Administration | Letter of April 27, 1927.",database/bahai_administration.csv
102,"Baha'i Administration | Letter of May 27, 1927.",database/bahai_administration.csv
103,"Baha'i Administration | Letter of October 17, 1927.",database/bahai_administration.csv
104,"Baha'i Administration | Letter of October 18, 1927.",database/bahai_administration.csv
105,"Baha'i Administration | Letter of December 6, 1928.",database/bahai_administration.csv
106,"Baha'i Administration | Letter of December 21, 1928.",database/bahai_administration.csv
107,"Baha'i Administration | Letter of January 1, 1929.",database/bahai_administration.csv
108,"Baha'i Administration | Letter of February 12, 1929.",database/bahai_administration.csv
109,"Baha'i Administration | Letter of March 20, 1929.",database/bahai_administration.csv
110,"Baha'i Administration | Letter of October 25, 1929.",database/bahai_administration.csv
111,"Baha'i Administration | Letter of July 17, 1932.",database/bahai_administration.csv
112,"Baha'i Administration | Letter of March 16, 1933.",database/bahai_administration.csv
113,"Baha'i Administration | Letter of April 11, 1933.",database/bahai_administration.csv
114,Citadel of Faith,database/citadel_of_faith.csv
115,"Citadel of Faith - Letter dated January 20, 1947",database/citadel_of_faith.csv
116,"Citadel of Faith - Letter dated January 30, 1947",database/citadel_of_faith.csv
117,"Citadel of Faith - Letter dated March 24, 1947",database/citadel_of_faith.csv
118,"Citadel of Faith - Letter dated April 28, 1947",database/citadel_of_faith.csv
119,Citadel of Faith - Letter dated Circa June 1947,database/citadel_of_faith.csv
120,"Citadel of Faith - Letter dated June 5, 1947",database/citadel_of_faith.csv
121,"Citadel of Faith - Letter dated July 13, 1947",database/citadel_of_faith.csv
122,"Citadel of Faith - Letter dated September 10, 1947",database/citadel_of_faith.csv
123,"Citadel of Faith - Letter dated October 25, 1947",database/citadel_of_faith.csv
124,"Citadel of Faith - Letter dated December 15, 1947",database/citadel_of_faith.csv
125,"Citadel of Faith - Letter dated January 10, 1948",database/citadel_of_faith.csv
126,"Citadel of Faith - Letter dated February 1, 1948",database/citadel_of_faith.csv
127,"Citadel of Faith - Letter dated February 13, 1948",database/citadel_of_faith.csv
128,"Citadel of Faith - Letter dated April 6, 1948",database/citadel_of_faith.csv
129,"Citadel of Faith - Letter dated April 16, 1948",database/citadel_of_faith.csv
130,"Citadel of Faith - Letter dated April 26, 1948",database/citadel_of_faith.csv
131,"Citadel of Faith - Letter dated May 4, 1948",database/citadel_of_faith.csv
132,"Citadel of Faith - Letter dated May 14, 1948",database/citadel_of_faith.csv
133,"Citadel of Faith - Letter dated May 18, 1948",database/citadel_of_faith.csv
134,"Citadel of Faith - Letter dated June 23, 1948",database/citadel_of_faith.csv
135,"Citadel of Faith - Letter dated August 9, 1948",database/citadel_of_faith.csv
136,"Citadel of Faith - Letter dated September 14, 1948",database/citadel_of_faith.csv
137,"Citadel of Faith - Letter dated October 21, 1948",database/citadel_of_faith.csv
138,"Citadel of Faith - Letter dated November 3, 1948",database/citadel_of_faith.csv
139,"Citadel of Faith - Letter dated November 8, 1948",database/citadel_of_faith.csv
140,"Citadel of Faith - Letter dated November 25, 1948",database/citadel_of_faith.csv
141,"Citadel of Faith - Letter dated December 10, 1948",database/citadel_of_faith.csv
142,"Citadel of Faith - Letter dated December 13, 1948",database/citadel_of_faith.csv
143,"Citadel of Faith - Letter dated December 22, 1948",database/citadel_of_faith.csv
144,"Citadel of Faith - Letter dated January 13, 1949",database/citadel_of_faith.csv
145,"Citadel of Faith - Letter dated January 19, 1949",database/citadel_of_faith.csv
146,"Citadel of Faith - Letter dated February 26, 1949",database/citadel_of_faith.csv
147,"Citadel of Faith - Letter dated February 28, 1949",database/citadel_of_faith.csv
148,"Citadel of Faith - Letter dated March 16, 1949",database/citadel_of_faith.csv
149,"Citadel of Faith - Letter dated March 21, 1949",database/citadel_of_faith.csv
150,"Citadel of Faith - Letter dated April 11, 1949",database/citadel_of_faith.csv
151,"Citadel of Faith - Letter dated April 25, 1949",database/citadel_of_faith.csv
152,"Citadel of Faith - Letter dated June 29, 1949",database/citadel_of_faith.csv
153,"Citadel of Faith - Letter dated July 20, 1949",database/citadel_of_faith.csv
154,"Citadel of Faith - Letter dated August 7, 1949",database/citadel_of_faith.csv
155,"Citadel of Faith - Letter dated August 18, 1949",database/citadel_of_faith.csv
156,"Citadel of Faith - Letter dated November 6, 1949",database/citadel_of_faith.csv
157,"Citadel of Faith - Letter dated November 13, 1949",database/citadel_of_faith.csv
158,"Citadel of Faith - Letter dated December 19, 1949",database/citadel_of_faith.csv
159,"Citadel of Faith - Letter dated February 25, 1950",database/citadel_of_faith.csv
160,"Citadel of Faith - Letter dated March 21, 1950",database/citadel_of_faith.csv
161,"Citadel of Faith - Letter dated March 29, 1950",database/citadel_of_faith.csv
162,"Citadel of Faith - Letter dated June 17, 1950",database/citadel_of_faith.csv
163,"Citadel of Faith - Letter dated July 4, 1950",database/citadel_of_faith.csv
164,"Citadel of Faith - Letter dated July 5, 1950",database/citadel_of_faith.csv
165,"Citadel of Faith - Letter dated July 15, 1950",database/citadel_of_faith.csv
166,"Citadel of Faith - Letter dated July 24, 1950",database/citadel_of_faith.csv
167,"Citadel of Faith - Letter dated August 5, 1950",database/citadel_of_faith.csv
168,"Citadel of Faith - Letter dated September 12, 1950",database/citadel_of_faith.csv
169,"Citadel of Faith - Letter dated September 19, 1950",database/citadel_of_faith.csv
170,"Citadel of Faith - Letter dated November 3, 1950",database/citadel_of_faith.csv
171,"Citadel of Faith - Letter dated November 8, 1950",database/citadel_of_faith.csv
172,"Citadel of Faith - Letter dated December 8, 1950",database/citadel_of_faith.csv
173,"Citadel of Faith - Letter dated January 17, 1951",database/citadel_of_faith.csv
174,"Citadel of Faith - Letter dated March 29, 1951",database/citadel_of_faith.csv
175,"Citadel of Faith - Letter dated October 19, 1951",database/citadel_of_faith.csv
176,"Citadel of Faith - Letter dated November 4, 1951",database/citadel_of_faith.csv
177,"Citadel of Faith - Letter dated November 23, 1951",database/citadel_of_faith.csv
178,"Citadel of Faith - Letter dated May 3, 1952",database/citadel_of_faith.csv
179,"Citadel of Faith - Letter dated April 29, 1953",database/citadel_of_faith.csv
180,"Citadel of Faith - Letter dated May 13, 1953",database/citadel_of_faith.csv
181,"Citadel of Faith - Letter dated July 18, 1953",database/citadel_of_faith.csv
182,"Citadel of Faith - Letter dated September 5, 1953",database/citadel_of_faith.csv
183,Citadel of Faith - Letter dated Circa May 1954,database/citadel_of_faith.csv
184,"Citadel of Faith - Letter dated July 23, 1954",database/citadel_of_faith.csv
185,"Citadel of Faith - Letter dated July 28, 1954",database/citadel_of_faith.csv
186,"Citadel of Faith - Letter dated October 22, 1954",database/citadel_of_faith.csv
187,"Citadel of Faith - Letter dated August 15, 1955",database/citadel_of_faith.csv
188,"Citadel of Faith - Letter dated August 20, 1955",database/citadel_of_faith.csv
189,"Citadel of Faith - Letter dated January 5, 1956",database/citadel_of_faith.csv
190,"Citadel of Faith - Letter dated February 2, 1956",database/citadel_of_faith.csv
191,"Citadel of Faith - Letter dated June 22, 1956",database/citadel_of_faith.csv
192,"Citadel of Faith - Letter dated July 19, 1956",database/citadel_of_faith.csv
193,"Citadel of Faith - Letter dated April 29, 1957",database/citadel_of_faith.csv
194,"Citadel of Faith - Letter dated May 7, 1957",database/citadel_of_faith.csv
195,"Citadel of Faith - Letter dated September 21, 1957",database/citadel_of_faith.csv
196,Citadel of Faith - Memorial,database/citadel_of_faith.csv
197,Rashḥ-i-‘Amá,database/rashh-i-ama.csv
198,The World Order of Bahá’u’lláh Selected Letters by Shoghi Effendi,database/the_world_order_of_bahaullah.csv
199,The World Order of Bahá’u’lláh Selected Letters by Shoghi Effendi - The World Order of Bahá’u’lláh,database/the_world_order_of_bahaullah.csv
200,The World Order of Bahá’u’lláh Selected Letters by Shoghi Effendi - The World Order of Bahá’u’lláh: Further Considerations,database/the_world_order_of_bahaullah.csv
201,The World Order of Bahá’u’lláh Selected Letters by Shoghi Effendi - The Goal of a New World Order,database/the_world_order_of_bahaullah.csv
202,The World Order of Bahá’u’lláh Selected Letters by Shoghi Effendi - The Golden Age of the Cause of Bahá’u’lláh,database/the_world_order_of_bahaullah.csv
203,The World Order of Bahá’u’lláh Selected Letters by Shoghi Effendi - America and the Most Great Peace,database/the_world_order_of_bahaullah.csv
204,The World Order of Bahá’u’lláh Selected Letters by Shoghi Effendi - The Dispensation of Bahá’u’lláh,database/the_world_order_of_bahaullah.csv
205,The World Order of Bahá’u’lláh Selected Letters by Shoghi Effendi - The Unfoldment of World Civilization,database/the_world_order_of_bahaullah.csv
206,Memorials of the Faithful,database/memorials_of_the_faithful.csv
207,Memorials of the Faithful  (Nabíl-i-Akbar),database/memorials_of_the_faithful.csv
208,Memorials of the Faithful  (Ismu’lláhu’l-Aṣdaq),database/memorials_of_the_faithful.csv
209,Memorials of the Faithful  (Mullá ‘Alí-Akbar),database/memorials_of_the_faithful.csv
210,Memorials of the Faithful  (Shaykh Salmán),database/memorials_of_the_faithful.csv
211,"Memorials of the Faithful  (Mírzá Muḥammad-‘Alí, the Afnán)",database/memorials_of_the_faithful.csv
212,"Memorials of the Faithful  (Ḥájí Mírzá Ḥasan, the Afnán)",database/memorials_of_the_faithful.csv
213,Memorials of the Faithful  (Muḥammad-‘Alíy-i-Iṣfahání),database/memorials_of_the_faithful.csv
214,"Memorials of the Faithful  (‘Abdu’ṣ-Ṣáliḥ, the Gardener)",database/memorials_of_the_faithful.csv
215,Memorials of the Faithful  (Ustád Ismá‘íl),database/memorials_of_the_faithful.csv
216,Memorials of the Faithful  (Nabíl-i-Zarandí),database/memorials_of_the_faithful.csv
217,Memorials of the Faithful  (Darvísh Ṣidq-‘Alí),database/memorials_of_the_faithful.csv
218,Memorials of the Faithful  (Áqá Mírzá Maḥmúd and Áqá Riḍá),database/memorials_of_the_faithful.csv
219,Memorials of the Faithful  (Pidar-Ján of Qazvín),database/memorials_of_the_faithful.csv
220,Memorials of the Faithful  (Shaykh Ṣádiq-i-Yazdí),database/memorials_of_the_faithful.csv
221,Memorials of the Faithful  (Sháh-Muḥammad-Amín),database/memorials_of_the_faithful.csv
222,Memorials of the Faithful  (Mashhadí Faṭṭáḥ),database/memorials_of_the_faithful.csv
223,Memorials of the Faithful  (Nabíl of Qá’in),database/memorials_of_the_faithful.csv
224,Memorials of the Faithful  (Siyyid Muḥammad-Taqí Manshádí),database/memorials_of_the_faithful.csv
225,Memorials of the Faithful  (Muḥammad-‘Alí Ṣabbáq of Yazd),database/memorials_of_the_faithful.csv
226,Memorials of the Faithful  (‘Abdu’l-Ghaffár of Iṣfahán),database/memorials_of_the_faithful.csv
227,Memorials of the Faithful  (‘Alí Najaf-Ábádí),database/memorials_of_the_faithful.csv
228,Memorials of the Faithful  (Mashhadí Ḥusayn and Mashhadí Muḥammad-i-Ádhirbáyjání),database/memorials_of_the_faithful.csv
229,Memorials of the Faithful  (Ḥájí ‘Abdu’r-Raḥím-i-Yazdí),database/memorials_of_the_faithful.csv
230,Memorials of the Faithful  (Ḥájí ‘Abdu’lláh Najaf-Ábádí),database/memorials_of_the_faithful.csv
231,Memorials of the Faithful  (Muḥammad-Hádíy-i-Ṣaḥḥáf),database/memorials_of_the_faithful.csv
232,Memorials of the Faithful  (Mírzá Muḥammad-Qulí),database/memorials_of_the_faithful.csv
233,Memorials of the Faithful  (Ustád Báqir and Ustád Aḥmad),database/memorials_of_the_faithful.csv
234,Memorials of the Faithful  (Muḥammad Ḥaná-Sáb),database/memorials_of_the_faithful.csv
235,Memorials of the Faithful  (Ḥájí Faraju’lláh Tafríshí),database/memorials_of_the_faithful.csv
236,Memorials of the Faithful  (Áqá Ibráhím-i-Iṣfahání and His Brothers),database/memorials_of_the_faithful.csv
237,Memorials of the Faithful  (Áqá Muḥammad-Ibráhím),database/memorials_of_the_faithful.csv
238,Memorials of the Faithful  (Zaynu’l-‘Ábidín Yazdí),database/memorials_of_the_faithful.csv
239,Memorials of the Faithful  (Ḥájí Mullá Mihdíy-i-Yazdí),database/memorials_of_the_faithful.csv
240,Memorials of the Faithful  (His Eminence Kalím (Mírzá Músá)),database/memorials_of_the_faithful.csv
241,Memorials of the Faithful  (Ḥájí Muḥammad Khán),database/memorials_of_the_faithful.csv
242,Memorials of the Faithful  (Áqá Muḥammad-Ibráhím Amír),database/memorials_of_the_faithful.csv
243,Memorials of the Faithful  (Mírzá Mihdíy-i-Káshání),database/memorials_of_the_faithful.csv
244,Memorials of the Faithful  (Mishkín-Qalam),database/memorials_of_the_faithful.csv
245,Memorials of the Faithful  (Ustád ‘Alí-Akbar-i-Najjár),database/memorials_of_the_faithful.csv
246,Memorials of the Faithful  (Shaykh ‘Alí-Akbar-i-Mázgání),database/memorials_of_the_faithful.csv
247,"Memorials of the Faithful  (Mírzá Muḥammad, the Servant at the Travelers’ Hospice)",database/memorials_of_the_faithful.csv
248,Memorials of the Faithful  (Mírzá Muḥammad-i-Vakíl),database/memorials_of_the_faithful.csv
249,Memorials of the Faithful  (Ḥájí Muḥammad-Riḍáy-i-Shírází),database/memorials_of_the_faithful.csv
250,Memorials of the Faithful  (Ḥusayn Effendi Tabrízí),database/memorials_of_the_faithful.csv
251,Memorials of the Faithful  (Jamshíd-i-Gurjí),database/memorials_of_the_faithful.csv
252,Memorials of the Faithful  (Ḥájí Ja‘far-i-Tabrízí and His Brothers),database/memorials_of_the_faithful.csv
253,"Memorials of the Faithful  (Ḥájí Mírzá Muḥammad-Taqí, the Afnán)",database/memorials_of_the_faithful.csv
254,Memorials of the Faithful  (‘Abdu’lláh Baghdádí),database/memorials_of_the_faithful.csv
255,Memorials of the Faithful  (Muḥammad-Muṣṭafá Baghdádí),database/memorials_of_the_faithful.csv
256,Memorials of the Faithful  (Sulaymán Khán-i-Tunukábání),database/memorials_of_the_faithful.csv
257,"Memorials of the Faithful  (‘Abdu’r-Raḥmán, the Coppersmith)",database/memorials_of_the_faithful.csv
258,Memorials of the Faithful  (Muḥammad-Ibráhím-i-Tabrízí),database/memorials_of_the_faithful.csv
259,Memorials of the Faithful  (Muḥammad-‘Alíy-i-Ardikání),database/memorials_of_the_faithful.csv
260,Memorials of the Faithful  (Ḥájí Áqáy-i-Tabrízí),database/memorials_of_the_faithful.csv
261,Memorials of the Faithful  (Ustad Qulám-‘Alíy-i-Najjár),database/memorials_of_the_faithful.csv
262,"Memorials of the Faithful  (Jináb-i-Muníb, upon him be the Glory of the All-Glorious)",database/memorials_of_the_faithful.csv
263,Memorials of the Faithful  (Mírzá Muṣṭafá Naráqí),database/memorials_of_the_faithful.csv
264,Memorials of the Faithful  (Zaynu’l-Muqarrabín),database/memorials_of_the_faithful.csv
265,Memorials of the Faithful  (‘Aẓím-i-Tafríshí),database/memorials_of_the_faithful.csv
266,Memorials of the Faithful  (Mírzá Ja‘far-i-Yazdí),database/memorials_of_the_faithful.csv
267,Memorials of the Faithful  (Ḥusayn-Áqáy-i-Tabrízí),database/memorials_of_the_faithful.csv
268,Memorials of the Faithful  (Ḥájí ‘Alí-‘Askar-i-Tabrízí),database/memorials_of_the_faithful.csv
269,Memorials of the Faithful  (Áqá ‘Alíy-i-Qazvíní),database/memorials_of_the_faithful.csv
270,"Memorials of the Faithful  (Áqá Muḥammad-Báqir and Áqá Muḥammad-Ismá‘íl, the Tailor)",database/memorials_of_the_faithful.csv
271,Memorials of the Faithful  (Abu’l-Qásim of Sulṭán-Ábád),database/memorials_of_the_faithful.csv
272,Memorials of the Faithful  (Áqá Faraj),database/memorials_of_the_faithful.csv
273,Memorials of the Faithful  (The Consort of the King of Martyrs),database/memorials_of_the_faithful.csv
274,Memorials of the Faithful  (Shamsu’ḍ-Ḍuḥá),database/memorials_of_the_faithful.csv
275,Memorials of the Faithful  (Ṭáhirih),database/memorials_of_the_faithful.csv
276,Twelve Table Talks given by ‘Abdu’l‑Bahá in ‘Akká,database/twelve_table_talks.csv
277,Twelve Table Talks given by ‘Abdu’l‑Bahá in ‘Akká | Tablet 1,database/twelve_table_talks.csv
278,Twelve Table Talks given by ‘Abdu’l‑Bahá in ‘Akká | Tablet 2,database/twelve_table_talks.csv
279,Twelve Table Talks given by ‘Abdu’l‑Bahá in ‘Akká | Tablet 3,database/twelve_table_talks.csv
280,Twelve Table Talks given by ‘Abdu’l‑Bahá in ‘Akká | Tablet 4,database/twelve_table_talks.csv
281,Twelve Table Talks given by ‘Abdu’l‑Bahá in ‘Akká | Tablet 5,database/twelve_table_talks.csv
282,Twelve Table Talks given by ‘Abdu’l‑Bahá in ‘Akká | Tablet 6,database/twelve_table_talks.csv
283,Twelve Table Talks given by ‘Abdu’l‑Bahá in ‘Akká | Tablet 7,database/twelve_table_talks.csv
284,Twelve Table Talks given by ‘Abdu’l‑Bahá in ‘Akká | Tablet 8,database/twelve_table_talks.csv
285,Twelve Table Talks given by ‘Abdu’l‑Bahá in ‘Akká | Tablet 9,database/twelve_table_talks.csv
286,Twelve Table Talks given by ‘Abdu’l‑Bahá in ‘Akká | Tablet 10,database/twelve_table_talks.csv
287,Twelve Table Talks given by ‘Abdu’l‑Bahá in ‘Akká | Tablet 11,database/twelve_table_talks.csv
288,Twelve Table Talks given by ‘Abdu’l‑Bahá in ‘Akká | Tablet 12,database/twelve_table_talks.csv
289,A Traveler’s Narrative,database/a_travelers_narrative.csv
290,God Passes By,database/god_passes_by.csv
291,God Passes By | Foreword,database/god_passes_by.csv
292,"God Passes By | 
First Period | The Ministry of the Báb | 1844–1853",database/god_passes_by.csv
293,"God Passes By | 
Second Period | The Ministry of Bahá’u’lláh | 1853–1892",database/god_passes_by.csv
294,"God Passes By | 
Third Period | The Ministry of ‘Abdu’l‑Bahá 1892–1921",database/god_passes_by.csv
295,"God Passes By | 
Fourth Period | The Inception of the Formative Age of the Bahá’í Faith 1921–1944",database/god_passes_by.csv
296,"God Passes By | 
Retrospect and Prospect",database/god_passes_by.csv
